{
  "transfer_scores": {
    "arc": 0.4827903874442441,
    "boolq": 0.45901187482205563,
    "gsm8k": 0.4086809635095378,
    "humaneval": 0.48054789669735215,
    "math": 0.48761345734079903,
    "mbpp": 0.4801134098889628,
    "mmlu": 0.4603891999620385,
    "triviaqa": 0.4636017308057322
  },
  "by_scale": {
    "1.5b": {
      "rollout_file": "data\\rollout_epiplexity_1.5b.json",
      "datasets": [
        "gsm8k",
        "math",
        "humaneval",
        "mbpp",
        "mmlu",
        "arc",
        "triviaqa",
        "boolq"
      ],
      "per_anchor": {
        "last (published)": {
          "per_dataset_kauc_bits": {
            "gsm8k": 0.0,
            "math": 26340.024707668897,
            "humaneval": 30207.955111474603,
            "mbpp": 19486.012799026175,
            "mmlu": 2585.7279698550224,
            "arc": 75842.90062975098,
            "triviaqa": 13380.158552340707,
            "boolq": 27553.899280916543
          },
          "per_dataset_per_token": {
            "gsm8k": 0.0,
            "math": 0.01775380517317958,
            "humaneval": 0.019741838939524584,
            "mbpp": 0.013088129410944678,
            "mmlu": 0.0028146980247743675,
            "arc": 0.0892003916831237,
            "triviaqa": 0.016678997367717305,
            "boolq": 0.04337318370928581
          },
          "spearman_kauc_vs_transfer": 0.6428571428571429,
          "spearman_pertok_vs_transfer": 0.5238095238095238,
          "spearman_kauc_vs_transfer_no_boolq": 0.8928571428571428,
          "spearman_pertok_vs_transfer_no_boolq": 0.857142857142857,
          "n_datasets": 8
        },
        "mean_last_3": {
          "per_dataset_kauc_bits": {
            "gsm8k": 2142.1916695967657,
            "math": 14562.713156406902,
            "humaneval": 9503.452700591792,
            "mbpp": 15612.58065459894,
            "mmlu": 747.4887621723389,
            "arc": 25537.74682124547,
            "triviaqa": 5964.611809178551,
            "boolq": 17261.51340662527
          },
          "per_dataset_per_token": {
            "gsm8k": 0.0014249018020513328,
            "math": 0.009815616159861543,
            "humaneval": 0.006210802151026986,
            "mbpp": 0.010486469353874912,
            "mmlu": 0.0008136800030613756,
            "arc": 0.030035468056267334,
            "triviaqa": 0.007435169342394755,
            "boolq": 0.02717171840010274
          },
          "spearman_kauc_vs_transfer": 0.4523809523809524,
          "spearman_pertok_vs_transfer": 0.40476190476190477,
          "spearman_kauc_vs_transfer_no_boolq": 0.7857142857142856,
          "spearman_pertok_vs_transfer_no_boolq": 0.7142857142857142,
          "n_datasets": 8
        },
        "mean_last_5": {
          "per_dataset_kauc_bits": {
            "gsm8k": 2629.625224656549,
            "math": 8617.336215917032,
            "humaneval": 5251.733792034351,
            "mbpp": 7004.396796475346,
            "mmlu": 1598.8837636253716,
            "arc": 8328.502128705906,
            "triviaqa": 11501.54308982367,
            "boolq": 17688.239574307372
          },
          "per_dataset_per_token": {
            "gsm8k": 0.001749123467573779,
            "math": 0.0058082902346189656,
            "humaneval": 0.0034321715022748445,
            "mbpp": 0.004704628528338909,
            "mmlu": 0.001740467297328446,
            "arc": 0.009795322249619709,
            "triviaqa": 0.014337214777346338,
            "boolq": 0.027843437211140642
          },
          "spearman_kauc_vs_transfer": 0.19047619047619047,
          "spearman_pertok_vs_transfer": 0.16666666666666666,
          "spearman_kauc_vs_transfer_no_boolq": 0.5714285714285714,
          "spearman_pertok_vs_transfer_no_boolq": 0.5357142857142857,
          "n_datasets": 8
        },
        "mean_last_10": {
          "per_dataset_kauc_bits": {
            "gsm8k": 7629.470216308046,
            "math": 6526.14459074293,
            "humaneval": 11325.113366916612,
            "mbpp": 16715.184259482106,
            "mmlu": 2249.3580268774704,
            "arc": 15579.509814461522,
            "triviaqa": 2116.5672485529526,
            "boolq": 13743.038841050537
          },
          "per_dataset_per_token": {
            "gsm8k": 0.005074824075831015,
            "math": 0.004398777179670449,
            "humaneval": 0.007401314098768559,
            "mbpp": 0.011227052808197913,
            "mmlu": 0.002448542023396749,
            "arc": 0.018323381175322548,
            "triviaqa": 0.0026384006907777366,
            "boolq": 0.021633212138130003
          },
          "spearman_kauc_vs_transfer": 0.16666666666666666,
          "spearman_pertok_vs_transfer": 0.047619047619047616,
          "spearman_kauc_vs_transfer_no_boolq": 0.3214285714285714,
          "spearman_pertok_vs_transfer_no_boolq": 0.4285714285714285,
          "n_datasets": 8
        },
        "median_last_5": {
          "per_dataset_kauc_bits": {
            "gsm8k": 5313.907786546144,
            "math": 8334.80060228041,
            "humaneval": 11304.804013874696,
            "mbpp": 5984.130473775015,
            "mmlu": 2538.0159212057247,
            "arc": 13451.50735586617,
            "triviaqa": 13380.158552340707,
            "boolq": 23216.066481003756
          },
          "per_dataset_per_token": {
            "gsm8k": 0.0035346028501779597,
            "math": 0.0056178544892216235,
            "humaneval": 0.007388041304392381,
            "mbpp": 0.0040193483839166535,
            "mmlu": 0.0027627610033023656,
            "arc": 0.015820593818388372,
            "triviaqa": 0.016678997367717305,
            "boolq": 0.036544908080758345
          },
          "spearman_kauc_vs_transfer": 0.21428571428571427,
          "spearman_pertok_vs_transfer": 0.14285714285714285,
          "spearman_kauc_vs_transfer_no_boolq": 0.6071428571428571,
          "spearman_pertok_vs_transfer_no_boolq": 0.49999999999999994,
          "n_datasets": 8
        },
        "min_last_5": {
          "per_dataset_kauc_bits": {
            "gsm8k": 11117.99645462675,
            "math": 26340.024707668897,
            "humaneval": 30207.955111474603,
            "mbpp": 25384.226108784314,
            "mmlu": 4936.871700517663,
            "arc": 75842.90062975098,
            "triviaqa": 26425.842074699005,
            "boolq": 36266.22520442614
          },
          "per_dataset_per_token": {
            "gsm8k": 0.007395254779596826,
            "math": 0.01775380517317958,
            "humaneval": 0.019741838939524584,
            "mbpp": 0.01704976999322577,
            "mmlu": 0.00537403902731139,
            "arc": 0.0892003916831237,
            "triviaqa": 0.03294105586861769,
            "boolq": 0.057087442767976296
          },
          "spearman_kauc_vs_transfer": 0.38095238095238093,
          "spearman_pertok_vs_transfer": 0.3333333333333333,
          "spearman_kauc_vs_transfer_no_boolq": 0.6785714285714285,
          "spearman_pertok_vs_transfer_no_boolq": 0.6071428571428571,
          "n_datasets": 8
        },
        "min_last_10": {
          "per_dataset_kauc_bits": {
            "gsm8k": 55045.577842756975,
            "math": 26340.024707668897,
            "humaneval": 87010.12501598737,
            "mbpp": 55092.23349671764,
            "mmlu": 10593.400134828906,
            "arc": 75842.90062975098,
            "triviaqa": 26425.842074699005,
            "boolq": 47855.47002903993
          },
          "per_dataset_per_token": {
            "gsm8k": 0.03661415744272099,
            "math": 0.01775380517317958,
            "humaneval": 0.056863825036638505,
            "mbpp": 0.037003685103761036,
            "mmlu": 0.011531461461825486,
            "arc": 0.0892003916831237,
            "triviaqa": 0.03294105586861769,
            "boolq": 0.0753303215600172
          },
          "spearman_kauc_vs_transfer": 0.21428571428571427,