{
  "model": "Qwen/Qwen2.5-1.5B-Instruct",
  "temperature": 0.7,
  "num_generations": 8,
  "max_samples": 100,
  "top_pct": 0.2,
  "per_dataset": {
    "gsm8k": {
      "category": "math",
      "n_prompts": 100,
      "num_generations": 8,
      "success_rate": 0.24875,
      "successful_rollouts": {
        "n": 199,
        "mean_entropy": 0.2524581551551819,
        "mean_top_pct_entropy": 0.9096219869115245,
        "forking_density": 0.20006281407035176,
        "global_threshold_nats": 0.5247670412063599,
        "mean_completion_length": 256.0,
        "top_pct": 0.2
      },
      "failed_rollouts": {
        "n": 3,
        "mean_entropy": 0.21707701683044434,
        "mean_top_pct_entropy": 0.8381081024805704,
        "forking_density": 0.20052083333333334,
        "global_threshold_nats": 0.4757188558578491,
        "mean_completion_length": 256.0,
        "top_pct": 0.2
      },
      "all_rollouts": {
        "n": 800,
        "mean_entropy": 0.2511601150035858,
        "mean_top_pct_entropy": 0.910811810232699,
        "forking_density": 0.2017138671875,
        "global_threshold_nats": 0.5496329665184021,
        "mean_completion_length": 256.0,
        "top_pct": 0.2
      },
      "elapsed_seconds": 508.3
    },
    "math": {
      "category": "math",
      "n_prompts": 100,
      "num_generations": 8,
      "success_rate": 0.28125,
      "successful_rollouts": {
        "n": 225,
        "mean_entropy": 0.22719703614711761,
        "mean_top_pct_entropy": 0.8465838109122382,
        "forking_density": 0.20018832982010193,
        "global_threshold_nats": 0.44632798433303833,
        "mean_completion_length": 252.06222222222223,
        "top_pct": 0.2
      },
      "failed_rollouts": {
        "n": 234,
        "mean_entropy": 0.21469950675964355,
        "mean_top_pct_entropy": 0.8173113088959303,
        "forking_density": 0.20012870795702273,
        "global_threshold_nats": 0.4474460482597351,
        "mean_completion_length": 252.34188034188034,
        "top_pct": 0.2
      },
      "all_rollouts": {
        "n": 800,
        "mean_entropy": 0.22250297665596008,
        "mean_top_pct_entropy": 0.8398479219898581,
        "forking_density": 0.19996401909794626,
        "global_threshold_nats": 0.45893043279647827,
        "mean_completion_length": 253.74,
        "top_pct": 0.2
      },
      "elapsed_seconds": 503.1
    },
    "humaneval": {
      "category": "code",
      "n_prompts": 100,
      "num_generations": 8,
      "success_rate": 0.1925,
      "successful_rollouts": {
        "n": 154,
        "mean_entropy": 0.3067640960216522,
        "mean_top_pct_entropy": 1.022426211601728,
        "forking_density": 0.20000507305194806,
        "global_threshold_nats": 0.6764911413192749,
        "mean_completion_length": 256.0,
        "top_pct": 0.2
      },
      "failed_rollouts": {
        "n": 407,
        "mean_entropy": 0.3082840144634247,
        "mean_top_pct_entropy": 1.0538266852900788,
        "forking_density": 0.2000057585995086,
        "global_threshold_nats": 0.671288013458252,
        "mean_completion_length": 256.0,
        "top_pct": 0.2
      },
      "all_rollouts": {
        "n": 800,
        "mean_entropy": 0.3037377595901489,
        "mean_top_pct_entropy": 1.0294448861666023,
        "forking_density": 0.200224609375,
        "global_threshold_nats": 0.6669617295265198,
        "mean_completion_length": 256.0,
        "top_pct": 0.2
      },
      "elapsed_seconds": 504.8
    },
    "mbpp": {
      "category": "code",
      "n_prompts": 100,
      "num_generations": 8,
      "success_rate": 0.0725,
      "successful_rollouts": {
        "n": 58,
        "mean_entropy": 0.29719874262809753,
        "mean_top_pct_entropy": 0.987976536154747,
        "forking_density": 0.2000269396551724,
        "global_threshold_nats": 0.655958890914917,
        "mean_completion_length": 256.0,
        "top_pct": 0.2
      },
      "failed_rollouts": {
        "n": 537,
        "mean_entropy": 0.2457975596189499,
        "mean_top_pct_entropy": 0.9120618845830416,
        "forking_density": 0.20000436452513967,
        "global_threshold_nats": 0.5480183959007263,
        "mean_completion_length": 256.0,
        "top_pct": 0.2
      },
      "all_rollouts": {
        "n": 800,
        "mean_entropy": 0.2504853904247284,
        "mean_top_pct_entropy": 0.9180687230452895,
        "forking_density": 0.2,
        "global_threshold_nats": 0.5578203201293945,
        "mean_completion_length": 256.0,
        "top_pct": 0.2
      },
      "elapsed_seconds": 503.6
    },
    "mmlu": {
      "category": "logical",
      "n_prompts": 100,
      "num_generations": 8,
      "success_rate": 0.525,
      "successful_rollouts": {
        "n": 420,
        "mean_entropy": 0.6159379482269287,
        "mean_top_pct_entropy": 1.5449882543512754,
        "forking_density": 0.20064332311710045,
        "global_threshold_nats": 1.227232813835144,
        "mean_completion_length": 239.2642857142857,
        "top_pct": 0.2
      },
      "failed_rollouts": {
        "n": 380,
        "mean_entropy": 0.5552530288696289,
        "mean_top_pct_entropy": 1.4582245355373935,
        "forking_density": 0.2004260213568774,
        "global_threshold_nats": 1.1229853630065918,
        "mean_completion_length": 246.77105263157895,
        "top_pct": 0.2
      },
      "all_rollouts": {
        "n": 800,
        "mean_entropy": 0.5866447687149048,
        "mean_top_pct_entropy": 1.5037754879146814,
        "forking_density": 0.20080800388508813,
        "global_threshold_nats": 1.1780498027801514,
        "mean_completion_length": 242.83,
        "top_pct": 0.2
      },
      "elapsed_seconds": 478.4
    },
    "arc": {
      "category": "logical",
      "n_prompts": 100,
      "num_generations": 8,
      "success_rate": 0.74625,
      "successful_rollouts": {
        "n": 597,
        "mean_entropy": 0.6252544522285461,
        "mean_top_pct_entropy": 1.5411546219333732,
        "forking_density": 0.20054531433089118,
        "global_threshold_nats": 1.2198543548583984,
        "mean_completion_length": 233.77219430485763,
        "top_pct": 0.2
      },
      "failed_rollouts": {
        "n": 203,
        "mean_entropy": 0.6171345114707947,
        "mean_top_pct_entropy": 1.533337706415524,
        "forking_density": 0.2006936777929403,
        "global_threshold_nats": 1.2108291387557983,
        "mean_completion_length": 247.99014778325125,
        "top_pct": 0.2
      },
      "all_rollouts": {
        "n": 800,
        "mean_entropy": 0.6231018900871277,
        "mean_top_pct_entropy": 1.539171079620719,
        "forking_density": 0.20060310696081365,
        "global_threshold_nats": 1.2175419330596924,
        "mean_completion_length": 237.38,
        "top_pct": 0.2
      },
      "elapsed_seconds": 467.4
    },
    "triviaqa": {
      "category": "qa",
      "n_prompts": 100,
      "num_generations": 8,
      "success_rate": 0.26625,
      "successful_rollouts": {
        "n": 213,
        "mean_entropy": 0.6924261450767517,
        "mean_top_pct_entropy": 1.6480216479077585,
        "forking_density": 0.2020740209025608,
        "global_threshold_nats": 1.3472206592559814,
        "mean_completion_length": 208.5117370892019,
        "top_pct": 0.2
      },
      "failed_rollouts": {
        "n": 587,
        "mean_entropy": 0.6920108795166016,
        "mean_top_pct_entropy": 1.646720738488121,
        "forking_density": 0.20286103640299027,
        "global_threshold_nats": 1.380537509918213,
        "mean_completion_length": 222.06984667802385,
        "top_pct": 0.2
      },
      "all_rollouts": {
        "n": 800,
        "mean_entropy": 0.6921164393424988,
        "mean_top_pct_entropy": 1.6470671056210995,
        "forking_density": 0.20253229540225504,
        "global_threshold_nats": 1.3730673789978027,
        "mean_completion_length": 218.46,
        "top_pct": 0.2
      },
      "elapsed_seconds": 429.5
    },