{
  "model": "Qwen/Qwen2.5-3B-Instruct",
  "temperature": 0.7,
  "num_generations": 8,
  "max_samples": 100,
  "top_pct": 0.2,
  "per_dataset": {
    "gsm8k": {
      "category": "math",
      "n_prompts": 100,
      "num_generations": 8,
      "success_rate": 0.265,
      "successful_rollouts": {
        "n": 212,
        "mean_entropy": 0.15887892246246338,
        "mean_top_pct_entropy": 0.6368022379026098,
        "forking_density": 0.2000110554245283,
        "global_threshold_nats": 0.24343633651733398,
        "mean_completion_length": 256.0,
        "top_pct": 0.2
      },
      "failed_rollouts": {
        "n": 2,
        "mean_entropy": 0.1899554431438446,
        "mean_top_pct_entropy": 0.7097778022289276,
        "forking_density": 0.201171875,
        "global_threshold_nats": 0.4255083203315735,
        "mean_completion_length": 256.0,
        "top_pct": 0.2
      },
      "all_rollouts": {
        "n": 800,
        "mean_entropy": 0.16367748379707336,
        "mean_top_pct_entropy": 0.6859388008713723,
        "forking_density": 0.20001953125,
        "global_threshold_nats": 0.28327837586402893,
        "mean_completion_length": 256.0,
        "top_pct": 0.2
      },
      "elapsed_seconds": 665.7
    },
    "math": {
      "category": "math",
      "n_prompts": 100,
      "num_generations": 8,
      "success_rate": 0.1325,
      "successful_rollouts": {
        "n": 106,
        "mean_entropy": 0.08510533720254898,
        "mean_top_pct_entropy": 0.3973329047549446,
        "forking_density": 0.2032369536661094,
        "global_threshold_nats": 0.03692062944173813,
        "mean_completion_length": 248.60377358490567,
        "top_pct": 0.2
      },
      "failed_rollouts": {
        "n": 219,
        "mean_entropy": 0.08261043578386307,
        "mean_top_pct_entropy": 0.3937021971565403,
        "forking_density": 1.0,
        "global_threshold_nats": 0.0,
        "mean_completion_length": 256.0,
        "top_pct": 0.2
      },
      "all_rollouts": {
        "n": 800,
        "mean_entropy": 0.08166254311800003,
        "mean_top_pct_entropy": 0.39005255306139586,
        "forking_density": 1.0,
        "global_threshold_nats": 0.0,
        "mean_completion_length": 255.02,
        "top_pct": 0.2
      },
      "elapsed_seconds": 652.2
    },
    "humaneval": {
      "category": "code",
      "n_prompts": 100,
      "num_generations": 8,
      "success_rate": 0.27625,
      "successful_rollouts": {
        "n": 221,
        "mean_entropy": 0.16629591584205627,
        "mean_top_pct_entropy": 0.6833275425757758,
        "forking_density": 0.20020856900452488,
        "global_threshold_nats": 0.305907279253006,
        "mean_completion_length": 256.0,
        "top_pct": 0.2
      },
      "failed_rollouts": {
        "n": 295,
        "mean_entropy": 0.16906136274337769,
        "mean_top_pct_entropy": 0.7119865889266386,
        "forking_density": 0.20002648305084747,
        "global_threshold_nats": 0.30129361152648926,
        "mean_completion_length": 256.0,
        "top_pct": 0.2
      },
      "all_rollouts": {
        "n": 800,
        "mean_entropy": 0.16468267142772675,
        "mean_top_pct_entropy": 0.6908119711652398,
        "forking_density": 0.2000439453125,
        "global_threshold_nats": 0.29445385932922363,
        "mean_completion_length": 256.0,
        "top_pct": 0.2
      },
      "elapsed_seconds": 666.3
    },
    "mbpp": {
      "category": "code",
      "n_prompts": 100,
      "num_generations": 8,
      "success_rate": 0.25375,
      "successful_rollouts": {
        "n": 203,
        "mean_entropy": 0.16888026893138885,
        "mean_top_pct_entropy": 0.7065560764867097,
        "forking_density": 0.2000269396551724,
        "global_threshold_nats": 0.305907279253006,
        "mean_completion_length": 256.0,
        "top_pct": 0.2
      },
      "failed_rollouts": {
        "n": 312,
        "mean_entropy": 0.15292683243751526,
        "mean_top_pct_entropy": 0.6635987809262215,
        "forking_density": 0.20008263221153846,
        "global_threshold_nats": 0.2638786733150482,
        "mean_completion_length": 256.0,
        "top_pct": 0.2
      },
      "all_rollouts": {
        "n": 800,
        "mean_entropy": 0.16300703585147858,
        "mean_top_pct_entropy": 0.6931302089989185,
        "forking_density": 0.2000341796875,
        "global_threshold_nats": 0.29219669103622437,
        "mean_completion_length": 256.0,
        "top_pct": 0.2
      },
      "elapsed_seconds": 652.0
    },
    "mmlu": {
      "category": "logical",
      "n_prompts": 100,
      "num_generations": 8,
      "success_rate": 0.5475,
      "successful_rollouts": {
        "n": 438,
        "mean_entropy": 0.4444054067134857,
        "mean_top_pct_entropy": 0.8952862927902779,
        "forking_density": 0.14679761840968453,
        "global_threshold_nats": 0.9033466577529907,
        "mean_completion_length": 173.4634703196347,
        "top_pct": 0.2
      },
      "failed_rollouts": {
        "n": 362,
        "mean_entropy": 0.3628239631652832,
        "mean_top_pct_entropy": 1.0355301738937914,
        "forking_density": 0.18969927784999946,
        "global_threshold_nats": 0.8034709095954895,
        "mean_completion_length": 235.04696132596686,
        "top_pct": 0.2
      },
      "all_rollouts": {
        "n": 800,
        "mean_entropy": 0.40130752325057983,
        "mean_top_pct_entropy": 0.9587466489896178,
        "forking_density": 0.16643023317950592,
        "global_threshold_nats": 0.8581622838973999,
        "mean_completion_length": 201.33,
        "top_pct": 0.2
      },
      "elapsed_seconds": 507.9
    },
    "arc": {
      "category": "logical",
      "n_prompts": 100,
      "num_generations": 8,
      "success_rate": 0.7025,
      "successful_rollouts": {
        "n": 562,
        "mean_entropy": 0.4543483257293701,
        "mean_top_pct_entropy": 0.9860232112352534,
        "forking_density": 0.16016818488786838,
        "global_threshold_nats": 0.9783163666725159,
        "mean_completion_length": 184.66903914590748,
        "top_pct": 0.2
      },
      "failed_rollouts": {
        "n": 238,
        "mean_entropy": 0.3747224509716034,
        "mean_top_pct_entropy": 1.022725978756652,
        "forking_density": 0.18095974575159243,
        "global_threshold_nats": 0.8171025514602661,
        "mean_completion_length": 224.0,
        "top_pct": 0.2
      },
      "all_rollouts": {
        "n": 800,
        "mean_entropy": 0.42732658982276917,
        "mean_top_pct_entropy": 0.9969422845728695,
        "forking_density": 0.1667983873623418,
        "global_threshold_nats": 0.929922342300415,
        "mean_completion_length": 196.37,
        "top_pct": 0.2
      },
      "elapsed_seconds": 494.3
    },
    "triviaqa": {
      "category": "qa",
      "n_prompts": 100,
      "num_generations": 8,
      "success_rate": 0.38625,
      "successful_rollouts": {
        "n": 309,
        "mean_entropy": 0.36938372254371643,
        "mean_top_pct_entropy": 1.0931323927775942,
        "forking_density": 0.19243479532330615,
        "global_threshold_nats": 0.7135637998580933,
        "mean_completion_length": 218.97734627831716,
        "top_pct": 0.2
      },
      "failed_rollouts": {
        "n": 491,
        "mean_entropy": 0.40508148074150085,
        "mean_top_pct_entropy": 1.162530348903657,
        "forking_density": 0.19219840829320206,
        "global_threshold_nats": 0.7938588261604309,
        "mean_completion_length": 217.82484725050915,
        "top_pct": 0.2
      },
      "all_rollouts": {
        "n": 800,
        "mean_entropy": 0.39124855399131775,
        "mean_top_pct_entropy": 1.1357253883499652,
        "forking_density": 0.1921910083796965,
        "global_threshold_nats": 0.7623485326766968,
        "mean_completion_length": 218.27,
        "top_pct": 0.2
      },
      "elapsed_seconds": 549.3
    },
    "boolq": {
      "category": "qa",
      "n_prompts": 100,